{
  "timestamp": 3.3413000000119166,
  "frame": 100,
  "bones": {
    "hips": {
      "rotation": {
        "x": -0.002357,
        "y": 0.999695,
        "z": -0.02182,
        "w": 0.011292
      },
      "euler": {
        "x": 3.097995,
        "y": 0.022682,
        "z": 3.137371
      },
      "position": {
        "x": 0.013918,
        "y": 0.871823,
        "z": -0.082714
      }
    },
    "spine": {
      "rotation": {
        "x": -0.002241,
        "y": 0.999334,
        "z": -0.036056,
        "w": -0.005182
      },
      "euler": {
        "x": 3.069438,
        "y": -0.010196,
        "z": 3.13674
      }
    },
    "chest": {
      "rotation": {
        "x": 0.053274,
        "y": 0.998433,
        "z": 0.016898,
        "w": -0.002977
      },
      "euler": {
        "x": -3.107526,
        "y": -0.004144,
        "z": -3.034909
      }
    },
    "neck": {
      "rotation": {
        "x": 0.061424,
        "y": 0.998046,
        "z": 0.0063,
        "w": 0.009547
      },
      "euler": {
        "x": -3.130187,
        "y": 0.019832,
        "z": -3.018771
      }
    },
    "head": {
      "rotation": {
        "x": 0.059031,
        "y": 0.997963,
        "z": -0.000122,
        "w": 0.02419
      },
      "euler": {
        "x": 3.13849,
        "y": 0.048285,
        "z": -3.023353
      }
    },
    "leftShoulder": {
      "rotation": {
        "x": 0.121403,
        "y": 0.991405,
        "z": 0.024201,
        "w": -0.042326
      },
      "euler": {
        "x": -3.083117,
        "y": -0.078127,
        "z": -2.89561
      }
    },
    "rightShoulder": {
      "rotation": {
        "x": -0.031338,
        "y": 0.999311,
        "z": 0.017985,
        "w": 0.008534
      },
      "euler": {
        "x": -3.105099,
        "y": 0.015929,
        "z": 3.078603
      }
    },
    "leftUpperArm": {
      "rotation": {
        "x": 0.629412,
        "y": 0.775613,
        "z": -0.011346,
        "w": -0.04622
      },
      "euler": {
        "x": -3.100848,
        "y": -0.086086,
        "z": -1.776407
      }
    },
    "rightUpperArm": {
      "rotation": {
        "x": -0.560904,
        "y": 0.822922,
        "z": 0.075847,
        "w": 0.049332
      },
      "euler": {
        "x": -2.960428,
        "y": -0.003893,
        "z": 1.945405
      }
    },
    "leftLowerArm": {
      "rotation": {
        "x": 0.260768,
        "y": 0.39506,
        "z": -0.659629,
        "w": 0.583796
      },
      "euler": {
        "x": 0.981607,
        "y": 0.117519,
        "z": -1.755476
      }
    },
    "rightLowerArm": {
      "rotation": {
        "x": 0.345769,
        "y": -0.421216,
        "z": 0.539381,
        "w": 0.641943
      },
      "euler": {
        "x": 1.146279,
        "y": -0.168588,
        "z": 1.506553
      }
    },
    "leftHand": {
      "rotation": {
        "x": 0.025553,
        "y": -0.308713,
        "z": 0.937408,
        "w": -0.159091
      },
      "euler": {
        "x": 0.614857,
        "y": 0.146659,
        "z": -2.852008
      }
    },
    "rightHand": {
      "rotation": {
        "x": 0.033879,
        "y": -0.36201,
        "z": 0.885133,
        "w": 0.290413
      },
      "euler": {
        "x": 0.731679,
        "y": -0.150862,
        "z": 2.56541
      }
    },
    "leftUpperLeg": {
      "rotation": {
        "x": -0.012979,
        "y": 0.997937,
        "z": -0.006249,
        "w": 0.062561
      },
      "euler": {
        "x": 3.130659,
        "y": 0.125355,
        "z": 3.116269
      }
    },
    "rightUpperLeg": {
      "rotation": {
        "x": 0.002818,
        "y": 0.999784,
        "z": 0.003644,
        "w": -0.020288
      },
      "euler": {
        "x": -3.134186,
        "y": -0.040558,
        "z": -3.135806
      }
    },
    "leftLowerLeg": {
      "rotation": {
        "x": -0.015248,
        "y": 0.99848,
        "z": -0.009721,
        "w": 0.052064
      },
      "euler": {
        "x": 3.12367,
        "y": 0.104456,
        "z": 3.11199
      }
    },
    "rightLowerLeg": {
      "rotation": {
        "x": 0.003384,
        "y": 0.999673,
        "z": -0.003136,
        "w": -0.025153
      },
      "euler": {
        "x": 3.135486,
        "y": -0.050332,
        "z": -3.134976
      }
    },
    "leftFoot": {
      "rotation": {
        "x": -0.019292,
        "y": 0.999672,
        "z": -0.011087,
        "w": -0.012709
      },
      "euler": {
        "x": 3.118927,
        "y": -0.024984,
        "z": 3.102718
      }
    },
    "rightFoot": {
      "rotation": {
        "x": 0.005332,
        "y": 0.999976,
        "z": -0.003306,
        "w": 0.003071
      },
      "euler": {
        "x": 3.134948,
        "y": 0.006107,
        "z": -3.130909
      }
    },
    "leftToes": {
      "rotation": {
        "x": -0.019197,
        "y": 0.999726,
        "z": -0.003704,
        "w": -0.012851
      },
      "euler": {
        "x": 3.133691,
        "y": -0.025555,
        "z": 3.103091
      }
    },
    "rightToes": {
      "rotation": {
        "x": 0.005323,
        "y": 0.999981,
        "z": -0.000515,
        "w": 0.003086
      },
      "euler": {
        "x": 3.14053,
        "y": 0.006167,
        "z": -3.130943
      }
    },
    "leftEye": {
      "rotation": {
        "x": 0.059031,
        "y": 0.997963,
        "z": -0.000122,
        "w": 0.02419
      },
      "euler": {
        "x": 3.13849,
        "y": 0.048285,
        "z": -3.023353
      }
    },
    "rightEye": {
      "rotation": {
        "x": 0.059031,
        "y": 0.997963,
        "z": -0.000122,
        "w": 0.02419
      },
      "euler": {
        "x": 3.13849,
        "y": 0.048285,
        "z": -3.023353
      }
    },
    "leftThumbProximal": {
      "rotation": {
        "x": -0.508873,
        "y": 0.415682,
        "z": 0.719415,
        "w": -0.225154
      },
      "euler": {
        "x": -1.216409,
        "y": -1.166469,
        "z": 2.886934
      }
    },
    "leftThumbDistal": {
      "rotation": {
        "x": -0.544473,
        "y": 0.837581,
        "z": -0.018138,
        "w": -0.04097
      },
      "euler": {
        "x": 3.066434,
        "y": -0.0489,
        "z": 1.986928
      }
    },
    "leftIndexProximal": {
      "rotation": {
        "x": -0.04139,
        "y": -0.333512,
        "z": 0.89485,
        "w": -0.293768
      },
      "euler": {
        "x": 0.676247,
        "y": 0.122178,
        "z": -2.550195
      }
    },
    "leftIndexIntermediate": {
      "rotation": {
        "x": -0.080053,
        "y": -0.326178,
        "z": 0.83624,
        "w": -0.433476
      },
      "euler": {
        "x": 0.671115,
        "y": 0.149449,
        "z": -2.237338
      }
    },
    "leftIndexDistal": {
      "rotation": {
        "x": 0.101278,
        "y": 0.310844,
        "z": -0.769292,
        "w": 0.548918
      },
      "euler": {
        "x": 0.643312,
        "y": 0.18651,
        "z": -1.9644
      }
    },
    "leftMiddleProximal": {
      "rotation": {
        "x": -0.04117,
        "y": -0.324174,
        "z": 0.897405,
        "w": -0.296444
      },
      "euler": {
        "x": 0.656727,
        "y": 0.118585,
        "z": -2.543937
      }
    },
    "leftMiddleIntermediate": {
      "rotation": {
        "x": -0.091293,
        "y": -0.313765,
        "z": 0.840096,
        "w": -0.43296
      },
      "euler": {
        "x": 0.656725,
        "y": 0.118583,
        "z": -2.230299
      }
    },
    "leftMiddleDistal": {
      "rotation": {
        "x": 0.139069,
        "y": 0.295711,
        "z": -0.762381,
        "w": 0.558562
      },
      "euler": {
        "x": 0.656734,
        "y": 0.118576,
        "z": -1.917419
      }
    },
    "leftRingProximal": {
      "rotation": {
        "x": -0.036114,
        "y": -0.30877,
        "z": 0.901652,
        "w": -0.300632
      },
      "euler": {
        "x": 0.622133,
        "y": 0.120822,
        "z": -2.536815
      }
    },