{
  "version": "1.0",
  "sourceVrmMetaVersion": "0",
  "pose": {
    "spine": {
      "rotation": [
        0.26878499380751986, 0.04920598523787185, 0.010387970279176317,
        0.9618864216705323
      ]
    },
    "chest": {
      "rotation": [
        0.02906175280917984, 0.0032115388293460206, 0.0012536815093505225,
        0.999571672680193
      ]
    },
    "upperChest": {
      "rotation": [
        0.019708272750764217, 0.00455693335356716, 0.005504965582882448,
        0.9997802326999289
      ]
    },
    "leftUpperArm": {
      "rotation": [
        -0.08024825179832384, -0.12062282165155641, -0.6024398818119019,
        0.7849054349299611
      ]
    },
    "leftLowerArm": {
      "rotation": [
        0.006605832741451901, -0.0677682756729572, -0.04974652445156356,
        0.9964382103728741
      ]
    },
    "rightUpperArm": {
      "rotation": [
        -0.019774914722485305, 0.1263980510454442, 0.5727654997345847,
        0.809674112068197
      ]
    },
    "rightLowerArm": {
      "rotation": [
        -0.00001447467344630466, 0.07431250493746133, 0.04479445200494485,
        0.9962284419097762
      ]
    }
  },
  "yRotationOffsetDeg": 6.2
}
