{
  "version": "1.0",
  "sourceVrmMetaVersion": "0",
  "pose": {
    "leftUpperArm": {
      "rotation": [
        -0.015314370822680227, -0.30786391075651287, -0.4351841524095243,
        0.8459314605756281
      ]
    },
    "leftLowerArm": {
      "rotation": [
        -0.1223968130156457, 0.915050442454916, -0.18151719423507248,
        -0.3387524407642001
      ]
    },
    "leftHand": {
      "rotation": [
        -0.05223246646978163, -0.04211872450949071, 0.30679221752433977,
        0.9494084040910292
      ]
    },
    "rightUpperArm": {
      "rotation": [
        0.02629340195687159, 0.3500148092350426, 0.4070752899681093,
        0.8432603385829733
      ]
    },
    "rightLowerArm": {
      "rotation": [
        0.1692313193427241, 0.8491077515647358, -0.372742928588441,
        0.333825547215177
      ]
    },
    "rightHand": {
      "rotation": [
        -0.1694934038558582, 0.04691953591570525, -0.35925144220858873,
        0.9165200185865332
      ]
    }
  },
  "yRotationOffsetDeg": 8.7
}
