{
  "version": "1.0",
  "sourceVrmMetaVersion": "0",
  "pose": {
    "leftUpperArm": {
      "rotation": [
        -0.015314370822680227, -0.30786391075651287, -0.4351841524095243,
        0.8459314605756281
      ]
    },
    "leftLowerArm": {
      "rotation": [
        -0.0441574749721341, 0.9247638668969507, -0.17406830378311544,
        -0.33550280699862023
      ]
    },
    "leftHand": {
      "rotation": [
        -0.07421673167598396, -0.022123902267203035, 0.4641493547399186,
        0.8823648826774124
      ]
    },
    "rightUpperArm": {
      "rotation": [
        0.02629340195687159, 0.3500148092350426, 0.4070752899681093,
        0.8432603385829733
      ]
    },
    "rightLowerArm": {
      "rotation": [
        0.09100014721832857, 0.8600750724938152, -0.37028022224599955,
        0.33894306290947174
      ]
    },
    "rightHand": {
      "rotation": [
        -0.16413204116517596, -0.008685825440080374, -0.5208858520420782,
        0.8376533642514521
      ]
    }
  },
  "yRotationOffsetDeg": 8.7
}
