{
  "version": "1.0",
  "sourceVrmMetaVersion": "0",
  "pose": {
    "leftEye": {
      "rotation": [
        0.015609717864361288,
        -0.036429519857073545,
        0.00056910175969169,
        0.999214142671312
      ]
    },
    "rightEye": {
      "rotation": [
        0.01559675764280791,
        -0.05462916120559269,
        0.0008534164571632994,
        0.998384528915265
      ]
    },
    "leftUpperArm": {
      "rotation": [
        -0.057322029384800424,
        -0.3361457833172629,
        -0.5109333975707961,
        0.7890926818517549
      ]
    },
    "leftLowerArm": {
      "rotation": [
        0.2722237475262856,
        -0.7561482788351764,
        -0.1899382898835813,
        0.563965830288898
      ]
    },
    "leftHand": {
      "rotation": [
        -0.23557549861393487,
        0.058715052134599634,
        -0.20406735876014664,
        0.948373998058933
      ]
    },
    "rightUpperArm": {
      "rotation": [
        -0.08623395563953269,
        0.3567055199342521,
        0.48738086985184126,
        0.7923286973508259
      ]
    },
    "rightLowerArm": {
      "rotation": [
        0.22472712764497252,
        0.7368966677082376,
        0.3634109204052952,
        0.5238449409425576
      ]
    },
    "rightHand": {
      "rotation": [
        -0.01775842431098998,
        0.0904462983996481,
        -0.11473291782437592,
        0.9891109457686219
      ]
    },
    "leftIndexProximal": {
      "rotation": [
        0,
        0,
        -0.26497527055760034,
        0.9642552079158954
      ]
    },
    "leftMiddleProximal": {
      "rotation": [
        0,
        0,
        -0.30058232943118457,
        0.9537558719262089
      ]
    },
    "leftRingProximal": {
      "rotation": [
        0,
        0,
        -0.3494980435961946,
        0.9369370936847536
      ]
    },
    "leftLittleProximal": {
      "rotation": [
        0,
        0,
        -0.3736910357646156,
        0.927553238250597
      ]
    },
    "rightThumbProximal": {
      "rotation": [
        0.07531841496770483,
        -0.1874290849884191,
        -0.012804961095851768,
        0.9793025617440663
      ]
    },
    "rightIndexProximal": {
      "rotation": [
        0,
        0,
        0.4171179204819482,
        0.9088523754784466
      ]
    },
    "rightMiddleProximal": {
      "rotation": [
        0,
        0,
        0.49126718441808126,
        0.8710089284926595
      ]
    },
    "rightRingProximal": {
      "rotation": [
        0,
        0,
        0.4615565407166187,
        0.887110793374598
      ]
    },
    "rightLittleProximal": {
      "rotation": [
        -0.023623882434211346,
        -0.047573910442454626,
        0.4723778072548844,
        0.8797942045939011
      ]
    }
  },
  "yRotationOffsetDeg": 10.3
}