{
  "version": "1.0",
  "sourceVrmMetaVersion": "0",
  "pose": {
    "upperChest": {
      "rotation": [
        -0.014376321354364476, -0.000820354341028836, -0.009760746058941944,
        0.9998486766703472
      ]
    },
    "leftUpperArm": {
      "rotation": [
        0.015192162400732056, -0.03527304555552511, -0.6005398284868115,
        0.7986719757571682
      ]
    },
    "rightUpperArm": {
      "rotation": [
        -0.17265869942960224, 0.30361827383041246, 0.5304628848180898,
        0.7724079525341442
      ]
    },
    "rightLowerArm": {
      "rotation": [
        -0.19267256255378087, 0.6756585415517273, 0.6326180303466447,
        0.32581781189413805
      ]
    }
  },
  "yRotationOffsetDeg": 11.6
}
