{
  "version": "1.0",
  "sourceVrmMetaVersion": "0",
  "pose": {
    "leftUpperArm": {
      "rotation": [
        -0.012782657592429851,
        -0.3082434143405141,
        -0.42381590991789503,
        0.8515883252376371
      ]
    },
    "leftLowerArm": {
      "rotation": [
        0.35736414676809897,
        0.8833383659845911,
        -0.18140997158588495,
        -0.24309385017640786
      ]
    },
    "leftHand": {
      "rotation": [
        0.08602698030413627,
        0.03611600101786154,
        0.4447164053886136,
        0.8907986932570455
      ]
    },
    "rightUpperArm": {
      "rotation": [
        0.03304211908235813,
        0.34952679071001114,
        0.3787818273392805,
        0.8563081035585398
      ]
    },
    "rightLowerArm": {
      "rotation": [
        -0.41207253953892187,
        0.7907437232568998,
        -0.3917108838100635,
        0.22689902995054426
      ]
    },
    "rightHand": {
      "rotation": [
        0.14655376629436256,
        -0.08144382643209867,
        -0.3899649816073325,
        0.9054370269880884
      ]
    }
  },
  "yRotationOffsetDeg": 10.3
}