{
  "version": "1.0",
  "sourceVrmMetaVersion": "0",
  "pose": {
    "leftUpperArm": {
      "rotation": [
        -0.2394234774117496,
        -0.4178386396678081,
        -0.39947502983939487,
        0.7800685676268694
      ]
    },
    "leftLowerArm": {
      "rotation": [
        0.01739986463352519,
        0.9675580479785945,
        0.015294765237124874,
        -0.25158445631423276
      ]
    },
    "leftHand": {
      "rotation": [
        0.08602698030413627,
        0.03611600101786154,
        0.4447164053886136,
        0.8907986932570455
      ]
    },
    "rightUpperArm": {
      "rotation": [
        -0.11462019035320578,
        0.41767983397485736,
        0.32383459001869036,
        0.8411521423390402
      ]
    },
    "rightLowerArm": {
      "rotation": [
        -0.05150632528459055,
        0.9399004849220564,
        -0.22695153080932667,
        0.24985431667726796
      ]
    },
    "rightHand": {
      "rotation": [
        0.14655376629436256,
        -0.08144382643209867,
        -0.3899649816073325,
        0.9054370269880884
      ]
    }
  },
  "yRotationOffsetDeg": 8.4
}